0/1/, bc1q5dy45m2fmqy0zevuz6ecce4fp63ts35vv0hve8
0/2/, bc1qe75sds7pupyxa4hepvuhpjghh90y2x80ghxcdk
0/3/, bc1qyk6823r77havgyscc4fqqew8tjpkstgeqcx3zf
0/4/, bc1q03eej0akjf4s9ekx0s9gtswuz2rvcxyyqukvtd
0/5/, bc1qv362fq6xvemj6lqx6pqq7t53wkdasctha4udpx
0/6/, bc1qmmg45zzpfqk9zvwc9k63y6xc8mts4mrtc30jev
0/7/, bc1qu7cqakdxvafelad447ec3atpwyruwdrjwtfyr0
0/8/, bc1qhgq0hstg5l83xzf7vugj3kte7w69ywvpxt8nae
0/9/, bc1q9g2wx9g4dy4qcx5uwrpd7rkdyv9uuyx6jjfl4c
0/10/, bc1q3g9h2e2vzmukstpajd07lup8e8maqkt8l8u40s
0/11/, bc1q0g9ftmth4csemldkgqqmhd7xyuhmlm2lcaypu7
0/12/, bc1q4cq9l0aj94qp6vdnnjtd9z8l29pl9uajkulhc6
0/13/, bc1qjrkh34ufn3yhzv27da64p9qduzatjelmvk64hw
0/14/, bc1qltplhxmduz6sev3xemf76h5sfgu95pk7m4a4mc
0/15/, bc1qpz6lm6qu6jjxlrza2ucsp0lveuhd6m7dnwnagg
0/16/, bc1qwtnza3ek2cmdr9lsc9u74dp675vtxzu3dwwwh5
0/17/, bc1qk52urwjzpauzevyuwmawkvq0c5kts088vj3cau
0/18/, bc1qf3khuzmavtw20cr86gcdu8r2krumqkvpr7c7md
0/19/, bc1q4h0els8rt3q049re066372h7r3xu0yjgrjqxqs
0/20/, bc1qk0z63r5qfz9k9kwxp8rc60yuqprna0kczzmuch
0/21/, bc1q6ntdpchga35yk7wtkyuvunt2jcrh58trjs84y0
0/22/, bc1q4xvf9mce0p9m78qstxs6lfepv8e563qrgkkuxy
0/23/, bc1qspa6635vpdkmtt5atm0g2etjqnmlf97skly8d2
0/24/, bc1q6dp4704cvzakweyk06jy07zu0w4rasedwstc9u
0/25/, bc1qrfaq9xde0n04h6uvlqvmdfaxf00wh5pwx3sh5e
0/26/, bc1qy3pqvduu9f3dsd68lz8xh5y7gxec7l9vgwzf5h
0/27/, bc1qm8dwqlzfnhs0r669acgy3lkmpd8cs7v9rjgdyz
0/28/, bc1qzr9rd92p5zft94njwcch4a0l0e0ttrmhdadvn2
0/29/, bc1qr6pcsvy5kfsgng9zvuun48l6m5axdwxe2uhyka
0/30/, bc1qu323kcnhwrkqcwx3dw4lf2at94gxlk4yhhzf7f
0/31/, bc1q0ag9z6urgh0nzymryrftq24rwdrg7ytumdzkd9
0/32/, bc1q07wmp4jl9sqxlr2rrpc4tarqwxfewakvaqkm0m
0/33/, bc1q0jf362g4egs9jkngfktgvdjy95dy8vxz0p6zw4
0/34/, bc1qhy9lac6sfe79a97hjf3spfpzq90uywd74mu6sw
0/35/, bc1q68t8su9zph5jqevmuklm5an3l8mlvvlylhya96
0/36/, bc1q4a8ytkm949785xsg05l3qmdtcupyaknxu4yp7k
0/37/, bc1qjsqcm8ufc0g8cqw075dqwphw8vehqhuuudd463
0/38/, bc1q5l5pf2g2jrsxg92lu8lk7y3w68gf20g6mmunqp
0/39/, bc1quh2lv6nqppnae5kuayjpuamqgdgme6sw8wfwdt
0/40/, bc1qcawyqazh2kyvkedrezwdw358nykf4rsev5jta0
0/41/, bc1q5ecejy85ljzu27ccl9dgqlu7s6ywv85d02dyts
0/42/, bc1qv49a7ynerpkqtk083plrjsz3jrd5qsu5s9rvn9
0/43/, bc1qllga2v26szvkr4hrvj2up9dgp3zvty4j4ma3je
0/44/, bc1qndmx5u0xht6xyneuncnsf9cxtwx80c0r3w4dg9
0/45/, bc1qljjdpzfcxt63jzq5x3dvm82yef2n0qt3mm6hwl
0/46/, bc1qsj7njccwm8xecvvsws7539k4t50jszczxkxv57
0/47/, bc1qe86r56ucvskqxtxm86t6tkxflsvrre9ygkw4yq
0/48/, bc1qxdl2dqrgc3sm229f46rlfqkmy2fynslh3dak3g
0/49/, bc1qw6v3mu6pyll25nu3m7lguskxt0l853r4kd5xtl
0/50/, bc1qnclrk8ehrpvkvkzl57h9zgsr6y90x734venfhx
0/51/, bc1q8fvtjdyd8zq9xr763h9ctkvtz7ajetjfmxdy7k
0/52/, bc1q36kkuagweaqlt9p5d5ve4m3jv6vkkgwa953x2k
0/53/, bc1q5wvvsphvme926s80r5h5vfyvajx4enzywsl0xm
0/54/, bc1qjqm8854n7jqnv4auzqrxzvj9mrahsmfmu62ztu
0/55/, bc1qu6gl60gx7mxsmc9y9rv6ms0ygmsc8lcn4n9zj7
0/56/, bc1qp9avj6e82vl4y8rgcefve6a647zzpymnpzgaz0
0/57/, bc1qesnpgle2lsr2vupj4j2galv70d5559h8w7lghf
0/58/, bc1qx2pyxagmvn5f5hunt2pkqawc2a72trtn5v6nw8
0/59/, bc1qz2zkcw2d7k73hq2kz65dgxwequ9pv6a3g39p27
0/60/, bc1q6xv79rtat9kle93la24z7tsnazv92z6txk75tg
0/61/, bc1q3rpvv9n2ulu36qqdcane6s0csg3dx0aex4lnla
0/62/, bc1qe95uwr90fu43m49sc5dfn0cx2k6dnkf8xf4zj6
0/63/, bc1qy5s4azrd86cqjm9n7fzd7qsnunpnwy76kvtzuj
0/64/, bc1q6s7r9kx6s58emz58f32ncupaauf6evclhfma35
0/65/, bc1qw69w77dd5tutpj6a9xx985pcea754xgdv099dg
0/66/, bc1q0tzflq9qaejdsu8s8m8860hv534d3h980ew2zc
0/67/, bc1qj4knynj3786mfz6efcth4g2d4p2xvsxvlasvrq
0/68/, bc1qfg6vw7huu5lze3tyglj3e2dwzemyaa642y5rnu
0/69/, bc1qjd69fapeg3m2jyntrrwckg6zfq2yvrzy89fkwa
0/70/, bc1qe2r85nhnhsu0q8mqmcz4mgw3n3r97em7ffu3fp
0/71/, bc1q0xvgh3g7mvyylgr0w7d3ya5t8yd70wf9cuhyxl
0/72/, bc1qlcdj46g703wr9kdyv6st6dlahga507uq38w9ly
0/73/, bc1qgcxyep7n9z6gpuyvh2c7293z6695fjyg43dpaf
0/74/, bc1qns2pa2vm8fjguhw24mqarjlek2pwxqgrsgl0cy
0/75/, bc1qmswpy23g2a27xcvjxmt6ysc5kj364k0wkvpxlm
0/76/, bc1qva45njkq8439wh0r9d742w4f6gh0afsuej8lzm
0/77/, bc1qfq5dhd3u2gd2hxlu9rdjh93wjfl0qqdqscf5d4
0/78/, bc1q6vx0575dlxgf8k87t9uzts2rd44dl5dsqjq30p
0/79/, bc1qdl777j6dyra4ygjnre7tzxu68tatlepy6pu2hw
0/80/, bc1qve65era4w2fg7etcqxl4z8udhj06mhxglgyjcs
0/81/, bc1qfgdd0spn96vjef7hxtruhegqqckuqkwumlx3ms
0/82/, bc1qkk8dh6rr6pc8fpnv2s5zaeek3ae8z0ejkr6309
0/83/, bc1qmnnjhakqqquufdxa23tefpdnp0ehpjp0akxggs
0/84/, bc1qdcd2mttd9kvn80d3qzk2xtyr75cq8fqfflfwq7
0/85/, bc1qwlja2dhp74awkuqwst2ede27a7z7rpvwal5t2u
0/86/, bc1qvnjyymtd5m2x9hm3mxefz888rm79xy2gqmhhtw
0/87/, bc1qs2qtjxwz2llg8009kar73gu8sxh560r6q0f5p6
0/88/, bc1q6rvc6wrmkqsyjlgsgvp7sza6js0pltu8salnqt
0/89/, bc1ql8xm8pqct4ewgqaqka7e6xyyel9t3a5ys6smk0
0/90/, bc1q46pk8qd6xhsks4fpgf44gqhcvzm3h4kk35k92w
0/91/, bc1q3ne0wyqh4ehtsdqrq7kxamy8lyjtlmnhed8fma
0/92/, bc1q4wh8cqmvyr5h0glsx6fq9ae00mzhr3sgx84cpz
0/93/, bc1q4k4sxrtfzv04ffg9hnsr7fz6dff035r8hssejt
0/94/, bc1qv3n9a4x9z82349fhdsv30d8pjeph0x2d0zp32g
0/95/, bc1qedzzjllmwnzv0aq0kvsxue9al3nn4l4vznu8u5
0/96/, bc1qj28anx3h5xtmqgfesgppelg0gtupsnyt0eadwd
0/97/, bc1qfaqfwqh7vyn9nuxh98cjt23h0lk6tldfg0e8cw
0/98/, bc1qhzfr9agl8qmnd68vly8cggwcz7n408kddzs8ur
0/99/, bc1q9h842gx3al8nfuawwxv5u8f2eumhq326g02ntm
0/100/, bc1qnlnsrtyj8zn8nvjj9hc4wkwf7emww09kdq4t26
0/101/, bc1qts9vxd46vkq0paa0d9a4g78mz8m57f9vm9umqf
0/102/, bc1q4ka4tek4la33ga6fxhdpdes5ulh6z8nlg9w4l9
0/103/, bc1qzj39czxfghq3pkmgff82qnyhp3dm8er5nu8mr8
0/104/, bc1q6hf8dfmz20ytfjxe5s2kayr9nsdpu0t7ju0uam
0/105/, bc1qq5vuec8fjvddwyz5s2geflh6p8ufe0rrrwujhf
0/106/, bc1qzysa5d9p3pxzvj8k68xl2zgvjwwu00297cc06k
0/107/, bc1q7fkgn3f9qf6gs6nu9f6axu6r0492crn77kq0nj
0/108/, bc1qfl7f3jjjwdtwyaw025x2px82d5xr9fp85cg4ew
0/109/, bc1qdhnf7e4j6hqz9gqa7a6tst2t6n6avjsdg5ngrj
0/110/, bc1qttqlk4dhepqe7p3n9jw8tsnx2qkw0y2ys7cdz5
0/111/, bc1qn92k982eswdpajgug7m78cj4sn3cvz38zqzz9k
0/112/, bc1q5s4c0zhh882ywtsvj85tr9cr9lxqtk5ucfqwgj
0/113/, bc1qveqc4dncxmg08h9pur60dx6rzgkvc8c4fzcmj3
0/114/, bc1qqhn2763chdsjuem27wh8zw4ef8ypwfgfvgt7dp
0/115/, bc1qr0fstl942ayfwmyjdhsyk46fqhsw78dl6vx94e
0/116/, bc1qv6k8rq9x0snlcrfjqelzw29qj7jp38el2w9sce
0/117/, bc1qttk8zygxkklryp3d9s3lxnza5q9eax9purewxc
0/118/, bc1qn7c93h5s9ew7x9gpqtxng728xudlqmupe7y499
0/119/, bc1q5svdyyqfjtqpw2kzy09e409a7nfxjvlelvyeah
0/120/, bc1q5k7d9rwtjwyyz9m6fq6e3qqs5prl05k3pwajam
0/121/, bc1q497cjv3kjwata7we26ym442avmzja9dykt0y0r
0/122/, bc1qgz5nlgnhemjyt7xf9dv08hmx4gk4cm4ne40y44
0/123/, bc1ql9fpkdxfj7ghyg3qdleu36aqg0vk4h8nm33j4h
0/124/, bc1q5zu5hgl387w90c7sptzc88tecxgwytsx05ah2u
0/125/, bc1q38ggzk8762t4w4r0mw3wfnmy5naxrh57wgdpgh
0/126/, bc1qc3ecwrpuyj2uz2gzxm36r65j5vnax6s4jqcjjm
0/127/, bc1qsy3k8wcypxwrqv7law59633t3rtmzh9ckhkxxw
0/128/, bc1qk6l7wrmdnrrumt3h5pa4h2zy72hjj5gnvaxmfs
0/129/, bc1qphkchh4gpdknuy9a2wphst8rz4ntfla8s4rvdg
0/130/, bc1qfefjr5l0845ev6f8lrzul9d5gt829xc033x9ts
0/131/, bc1qk3sa4r5eunj0elnkjqkxw0udc6d6ymnuxm9pem
0/132/, bc1q7fmalgs4cx0z7pkeg44wpv22lt7aak7j47qjdg
0/133/, bc1qccavhc7g7fzmptzrjd3lcan7q42wsr2dkpga4r
0/134/, bc1qqd0tnhufcv73kpdjt0k0zw2wrzj29s480j6l6z
0/135/, bc1q2a7gf5dvltzr5l58cswnwmvveccmj8gh5hqtg6
0/136/, bc1qkkd8cj5xqjnz46t5n78ptvmlc0a3dlesjtg7me
0/137/, bc1qh5d4kct5lr98vvmkz6va7emratz84yrn3uqfqy
0/138/, bc1qvrmxwe9fewupvcva4ygd78cav0k93y34fgsayr
0/139/, bc1q6ez632965wvpkwd8lu7wxduwxr8d2g4kquf6yn
0/140/, bc1q7lva5nj587dds4dfjpelm8jucty5awkxkrtzgu
0/141/, bc1q5dupjwn28yu04lj3f0vs83nxehtwf6sd9qanx5
0/142/, bc1q75p2x8cyh2fnlhqxtmyfz668yy2ff4a6tpcc6p
0/143/, bc1qgdvnaxh6sz3apm3pt5g6yewuwmhcf8aktpxk5h
0/144/, bc1qyfn6gepqgtuaaen95vmn6825aa2v6khmutq9jd
0/145/, bc1qscjygnhjj4ys5z78sfj4j0wkqlmv8srry5ssff
0/146/, bc1qaq6lxcxhcx2wxphp6x4dp53ed0tjnp8qz3l6e5
0/147/, bc1q0ete8ymwjnfsmg2qafg25md8sww2vy6pd5hl7j
0/148/, bc1qmwrmdq2cdmp2cd5j6rt6rslkudyl6qn2rz4wgm
0/149/, bc1quvwce3cpnwt7jsnk9tah5frrgk9thatj0xh58a
0/150/, bc1q5m8vtxxe64xpwzsyv6wrh04tta7uqr9rvqga2w
0/151/, bc1q8tnuwg4ndhrsz20snd9wgktvxgeswps8q9np2z
0/152/, bc1qjxrku96hugzqd7dpzwa7cld8cnk7c7q2za4j2z
0/153/, bc1qyhs4v0mkqmnvnq4d593054sk4snp48jcnjxtu8
0/154/, bc1qjdgt92hfastz7tpjc4pmvllxnn3c53y3g08hh7
0/155/, bc1q9f3r9axejexsue6qzjng68xx49srl7jq2xe25z
0/156/, bc1qttxfxdafpcycyw22zuvdke2smrytj93svt3jke
0/157/, bc1qsd3dnfxmn2spdys4jc23932v07g7paa2yy803f
0/158/, bc1qats9ll7gu0gk7qgcwdtdvzuv00lxrcxqr7zht9
0/159/, bc1q7q7q2mye4vvktkc3djnnghhsay0k7xg2vleetw